Workbook

Sheet Parametry
B2: 🏠 KALKULATOR KREDYTU HIPOTECZNEGO
B4: PARAMETRY KREDYTU
B5: Pozostała kwota do spłaty (saldo) | C5: 533693.01 | D5: Edytuj → aktualizuje harmonogram
B6: Liczba pozostałych rat | C6: 323 | D6: Edytuj → aktualizuje harmonogram
B7: Bieżąca rata miesięczna | C7: 3234.73 | D7: Edytuj → aktualizuje harmonogram
B8: Oprocentowanie I okres (%) | C8: 0.0579 | D8: np. 5,79% wpisz jako 0.0579
B9: Liczba rat w I okresie oprocentowania | C9: 58 | D9: Po tylu ratach zmiana stopy
B10: Oprocentowanie II okres (%) | C10: 0.06 | D10: Stopa po zmianie
B11: Dzień spłaty (dzień miesiąca) | C11: 19 | D11: 19 = 19. dzień miesiąca
B12: Rok startowy | C12: 2026 | D12: Rok pierwszej raty
B13: Miesiąc startowy (1-12) | C13: 7 | D13: 7 = lipiec
B15: JAK KORZYSTAĆ Z ARKUSZA
B16: 1. Sprawdź / edytuj parametry w żółtych polach powyżej.
B17: 2. Przejdź do arkusza 'Harmonogram'.
B18: 3. W kolumnie 'NADPŁATA (wpisz)' wpisz kwotę nadpłaty dla danego miesiąca.
B19: 4. Minimalna zalecana nadpłata = wysokość następnej raty (kolumna 'Sug. nadpłata').
B20: 5. Wszystkie pozostałe obliczenia aktualizują się automatycznie.
B21: 6. W arkuszu 'Podsumowanie' zobaczysz oszczędności i skrócenie okresu kredytu.

Sheet Harmonogram
A1: HARMONOGRAM SPŁATY KREDYTU HIPOTECZNEGO
A2: Lp. | B2: DATA SPŁATY | C2: NR RATY | D2: SALDO POCZĄTEK | E2: OPROCENT. | F2: ODSETKI | G2: RATA STANDARD. | H2: NADPŁATA (wpisz) | I2: SUG. NADPŁATA | J2: CAŁK. SPŁATA | K2: KAPITAŁ | L2: SALDO KONIEC | M2: POZ. RAT
A3: 1 | B3: =DATE(Parametry!$C$12+INT((Parametry!$C$13+1-2)/12),MOD(Parametry!$C$13+1-2,12)+1,Parametry!$C$11) | C3: 1 | D3: =Parametry!$C$5 | E3: =IF(C3<=Parametry!$C$9,Parametry!$C$8,Parametry!$C$10) | F3: =D3*E3/12 | G3: =Parametry!$C$7 | I3: =Parametry!$C$7 | J3: =G3+IF(ISNUMBER(H3),H3,0) | K3: =MAX(0,J3-F3) | L3: =MAX(0,D3-K3) | M3: =IF(L3<=0,0,MAX(0,ROUNDUP(-LN(1-L3*(E3/12)/Parametry!$C$7)/LN(1+E3/12),0)))
A4: 2 | B4: =DATE(Parametry!$C$12+INT((Parametry!$C$13+2-2)/12),MOD(Parametry!$C$13+2-2,12)+1,Parametry!$C$11) | C4: 2 | D4: =L3 | E4: =IF(C4<=Parametry!$C$9,Parametry!$C$8,Parametry!$C$10) | F4: =D4*E4/12 | G4: =Parametry!$C$7 | I4: =Parametry!$C$7 | J4: =G4+IF(ISNUMBER(H4),H4,0) | K4: =MAX(0,J4-F4) | L4: =MAX(0,D4-K4) | M4: =IF(L4<=0,0,MAX(0,ROUNDUP(-LN(1-L4*(E4/12)/Parametry!$C$7)/LN(1+E4/12),0)))
A5: 3 | B5: =DATE(Parametry!$C$12+INT((Parametry!$C$13+3-2)/12),MOD(Parametry!$C$13+3-2,12)+1,Parametry!$C$11) | C5: 3 | D5: =L4 | E5: =IF(C5<=Parametry!$C$9,Parametry!$C$8,Parametry!$C$10) | F5: =D5*E5/12 | G5: =Parametry!$C$7 | I5: =Parametry!$C$7 | J5: =G5+IF(ISNUMBER(H5),H5,0) | K5: =MAX(0,J5-F5) | L5: =MAX(0,D5-K5) | M5: =IF(L5<=0,0,MAX(0,ROUNDUP(-LN(1-L5*(E5/12)/Parametry!$C$7)/LN(1+E5/12),0)))
A6: 4 | B6: =DATE(Parametry!$C$12+INT((Parametry!$C$13+4-2)/12),MOD(Parametry!$C$13+4-2,12)+1,Parametry!$C$11) | C6: 4 | D6: =L5 | E6: =IF(C6<=Parametry!$C$9,Parametry!$C$8,Parametry!$C$10) | F6: =D6*E6/12 | G6: =Parametry!$C$7 | I6: =Parametry!$C$7 | J6: =G6+IF(ISNUMBER(H6),H6,0) | K6: =MAX(0,J6-F6) | L6: =MAX(0,D6-K6) | M6: =IF(L6<=0,0,MAX(0,ROUNDUP(-LN(1-L6*(E6/12)/Parametry!$C$7)/LN(1+E6/12),0)))
A7: 5 | B7: =DATE(Parametry!$C$12+INT((Parametry!$C$13+5-2)/12),MOD(Parametry!$C$13+5-2,12)+1,Parametry!$C$11) | C7: 5 | D7: =L6 | E7: =IF(C7<=Parametry!$C$9,Parametry!$C$8,Parametry!$C$10) | F7: =D7*E7/12 | G7: =Parametry!$C$7 | I7: =Parametry!$C$7 | J7: =G7+IF(ISNUMBER(H7),H7,0) | K7: =MAX(0,J7-F7) | L7: =MAX(0,D7-K7) | M7: =IF(L7<=0,0,MAX(0,ROUNDUP(-LN(1-L7*(E7/12)/Parametry!$C$7)/LN(1+E7/12),0)))
A8: 6 | B8: =DATE(Parametry!$C$12+INT((Parametry!$C$13+6-2)/12),MOD(Parametry!$C$13+6-2,12)+1,Parametry!$C$11) | C8: 6 | D8: =L7 | E8: =IF(C8<=Parametry!$C$9,Parametry!$C$8,Parametry!$C$10) | F8: =D8*E8/12 | G8: =Parametry!$C$7 | I8: =Parametry!$C$7 | J8: =G8+IF(ISNUMBER(H8),H8,0) | K8: =MAX(0,J8-F8) | L8: =MAX(0,D8-K8) | M8: =IF(L8<=0,0,MAX(0,ROUNDUP(-LN(1-L8*(E8/12)/Parametry!$C$7)/LN(1+E8/12),0)))
A9: 7 | B9: =DATE(Parametry!$C$12+INT((Parametry!$C$13+7-2)/12),MOD(Parametry!$C$13+7-2,12)+1,Parametry!$C$11) | C9: 7 | D9: =L8 | E9: =IF(C9<=Parametry!$C$9,Parametry!$C$8,Parametry!$C$10) | F9: =D9*E9/12 | G9: =Parametry!$C$7 | I9: =Parametry!$C$7 | J9: =G9+IF(ISNUMBER(H9),H9,0) | K9: =MAX(0,J9-F9) | L9: =MAX(0,D9-K9) | M9: =IF(L9<=0,0,MAX(0,ROUNDUP(-LN(1-L9*(E9/12)/Parametry!$C$7)/LN(1+E9/12),0)))
A10: 8 | B10: =DATE(Parametry!$C$12+INT((Parametry!$C$13+8-2)/12),MOD(Parametry!$C$13+8-2,12)+1,Parametry!$C$11) | C10: 8 | D10: =L9 | E10: =IF(C10<=Parametry!$C$9,Parametry!$C$8,Parametry!$C$10) | F10: =D10*E10/12 | G10: =Parametry!$C$7 | I10: =Parametry!$C$7 | J10: =G10+IF(ISNUMBER(H10),H10,0) | K10: =MAX(0,J10-F10) | L10: =MAX(0,D10-K10) | M10: =IF(L10<=0,0,MAX(0,ROUNDUP(-LN(1-L10*(E10/12)/Parametry!$C$7)/LN(1+E10/12),0)))
A11: 9 | B11: =DATE(Parametry!$C$12+INT((Parametry!$C$13+9-2)/12),MOD(Parametry!$C$13+9-2,12)+1,Parametry!$C$11) | C11: 9 | D11: =L10 | E11: =IF(C11<=Parametry!$C$9,Parametry!$C$8,Parametry!$C$10) | F11: =D11*E11/12 | G11: =Parametry!$C$7 | I11: =Parametry!$C$7 | J11: =G11+IF(ISNUMBER(H11),H11,0) | K11: =MAX(0,J11-F11) | L11: =MAX(0,D11-K11) | M11: =IF(L11<=0,0,MAX(0,ROUNDUP(-LN(1-L11*(E11/12)/Parametry!$C$7)/LN(1+E11/12),0)))
A12: 10 | B12: =DATE(Parametry!$C$12+INT((Parametry!$C$13+10-2)/12),MOD(Parametry!$C$13+10-2,12)+1,Parametry!$C$11) | C12: 10 | D12: =L11 | E12: =IF(C12<=Parametry!$C$9,Parametry!$C$8,Parametry!$C$10) | F12: =D12*E12/12 | G12: =Parametry!$C$7 | I12: =Parametry!$C$7 | J12: =G12+IF(ISNUMBER(H12),H12,0) | K12: =MAX(0,J12-F12) | L12: =MAX(0,D12-K12) | M12: =IF(L12<=0,0,MAX(0,ROUNDUP(-LN(1-L12*(E12/12)/Parametry!$C$7)/LN(1+E12/12),0)))
A13: 11 | B13: =DATE(Parametry!$C$12+INT((Parametry!$C$13+11-2)/12),MOD(Parametry!$C$13+11-2,12)+1,Parametry!$C$11) | C13: 11 | D13: =L12 | E13: =IF(C13<=Parametry!$C$9,Parametry!$C$8,Parametry!$C$10) | F13: =D13*E13/12 | G13: =Parametry!$C$7 | I13: =Parametry!$C$7 | J13: =G13+IF(ISNUMBER(H13),H13,0) | K13: =MAX(0,J13-F13) | L13: =MAX(0,D13-K13) | M13: =IF(L13<=0,0,MAX(0,ROUNDUP(-LN(1-L13*(E13/12)/Parametry!$C$7)/LN(1+E13/12),0)))
A14: 12 | B14: =DATE(Parametry!$C$12+INT((Parametry!$C$13+12-2)/12),MOD(Parametry!$C$13+12-2,12)+1,Parametry!$C$11) | C14: 12 | D14: =L13 | E14: =IF(C14<=Parametry!$C$9,Parametry!$C$8,Parametry!$C$10) | F14: =D14*E14/12 | G14: =Parametry!$C$7 | I14: =Parametry!$C$7 | J14: =G14+IF(ISNUMBER(H14),H14,0) | K14: =MAX(0,J14-F14) | L14: =MAX(0,D14-K14) | M14: =IF(L14<=0,0,MAX(0,ROUNDUP(-LN(1-L14*(E14/12)/Parametry!$C$7)/LN(1+E14/12),0)))
A15: 13 | B15: =DATE(Parametry!$C$12+INT((Parametry!$C$13+13-2)/12),MOD(Parametry!$C$13+13-2,12)+1,Parametry!$C$11) | C15: 13 | D15: =L14 | E15: =IF(C15<=Parametry!$C$9,Parametry!$C$8,Parametry!$C$10) | F15: =D15*E15/12 | G15: =Parametry!$C$7 | I15: =Parametry!$C$7 | J15: =G15+IF(ISNUMBER(H15),H15,0) | K15: =MAX(0,J15-F15) | L15: =MAX(0,D15-K15) | M15: =IF(L15<=0,0,MAX(0,ROUNDUP(-LN(1-L15*(E15/12)/Parametry!$C$7)/LN(1+E15/12),0)))
A16: 14 | B16: =DATE(Parametry!$C$12+INT((Parametry!$C$13+14-2)/12),MOD(Parametry!$C$13+14-2,12)+1,Parametry!$C$11) | C16: 14 | D16: =L15 | E16: =IF(C16<=Parametry!$C$9,Parametry!$C$8,Parametry!$C$10) | F16: =D16*E16/12 | G16: =Parametry!$C$7 | I16: =Parametry!$C$7 | J16: =G16+IF(ISNUMBER(H16),H16,0) | K16: =MAX(0,J16-F16) | L16: =MAX(0,D16-K16) | M16: =IF(L16<=0,0,MAX(0,ROUNDUP(-LN(1-L16*(E16/12)/Parametry!$C$7)/LN(1+E16/12),0)))
A17: 15 | B17: =DATE(Parametry!$C$12+INT((Parametry!$C$13+15-2)/12),MOD(Parametry!$C$13+15-2,12)+1,Parametry!$C$11) | C17: 15 | D17: =L16 | E17: =IF(C17<=Parametry!$C$9,Parametry!$C$8,Parametry!$C$10) | F17: =D17*E17/12 | G17: =Parametry!$C$7 | I17: =Parametry!$C$7 | J17: =G17+IF(ISNUMBER(H17),H17,0) | K17: =MAX(0,J17-F17) | L17: =MAX(0,D17-K17) | M17: =IF(L17<=0,0,MAX(0,ROUNDUP(-LN(1-L17*(E17/12)/Parametry!$C$7)/LN(1+E17/12),0)))
A18: 16 | B18: =DATE(Parametry!$C$12+INT((Parametry!$C$13+16-2)/12),MOD(Parametry!$C$13+16-2,12)+1,Parametry!$C$11) | C18: 16 | D18: =L17 | E18: =IF(C18<=Parametry!$C$9,Parametry!$C$8,Parametry!$C$10) | F18: =D18*E18/12 | G18: =Parametry!$C$7 | I18: =Parametry!$C$7 | J18: =G18+IF(ISNUMBER(H18),H18,0) | K18: =MAX(0,J18-F18) | L18: =MAX(0,D18-K18) | M18: =IF(L18<=0,0,MAX(0,ROUNDUP(-LN(1-L18*(E18/12)/Parametry!$C$7)/LN(1+E18/12),0)))
A19: 17 | B19: =DATE(Parametry!$C$12+INT((Parametry!$C$13+17-2)/12),MOD(Parametry!$C$13+17-2,12)+1,Parametry!$C$11) | C19: 17 | D19: =L18 | E19: =IF(C19<=Parametry!$C$9,Parametry!$C$8,Parametry!$C$10) | F19: =D19*E19/12 | G19: =Parametry!$C$7 | I19: =Parametry!$C$7 | J19: =G19+IF(ISNUMBER(H19),H19,0) | K19: =MAX(0,J19-F19) | L19: =MAX(0,D19-K19) | M19: =IF(L19<=0,0,MAX(0,ROUNDUP(-LN(1-L19*(E19/12)/Parametry!$C$7)/LN(1+E19/12),0)))
A20: 18 | B20: =DATE(Parametry!$C$12+INT((Parametry!$C$13+18-2)/12),MOD(Parametry!$C$13+18-2,12)+1,Parametry!$C$11) | C20: 18 | D20: =L19 | E20: =IF(C20<=Parametry!$C$9,Parametry!$C$8,Parametry!$C$10) | F20: =D20*E20/12 | G20: =Parametry!$C$7 | I20: =Parametry!$C$7 | J20: =G20+IF(ISNUMBER(H20),H20,0) | K20: =MAX(0,J20-F20) | L20: =MAX(0,D20-K20) | M20: =IF(L20<=0,0,MAX(0,ROUNDUP(-LN(1-L20*(E20/12)/Parametry!$C$7)/LN(1+E20/12),0)))
A21: 19 | B21: =DATE(Parametry!$C$12+INT((Parametry!$C$13+19-2)/12),MOD(Parametry!$C$13+19-2,12)+1,Parametry!$C$11) | C21: 19 | D21: =L20 | E21: =IF(C21<=Parametry!$C$9,Parametry!$C$8,Parametry!$C$10) | F21: =D21*E21/12 | G21: =Parametry!$C$7 | I21: =Parametry!$C$7 | J21: =G21+IF(ISNUMBER(H21),H21,0) | K21: =MAX(0,J21-F21) | L21: =MAX(0,D21-K21) | M21: =IF(L21<=0,0,MAX(0,ROUNDUP(-LN(1-L21*(E21/12)/Parametry!$C$7)/LN(1+E21/12),0)))
A22: 20 | B22: =DATE(Parametry!$C$12+INT((Parametry!$C$13+20-2)/12),MOD(Parametry!$C$13+20-2,12)+1,Parametry!$C$11) | C22: 20 | D22: =L21 | E22: =IF(C22<=Parametry!$C$9,Parametry!$C$8,Parametry!$C$10) | F22: =D22*E22/12 | G22: =Parametry!$C$7 | I22: =Parametry!$C$7 | J22: =G22+IF(ISNUMBER(H22),H22,0) | K22: =MAX(0,J22-F22) | L22: =MAX(0,D22-K22) | M22: =IF(L22<=0,0,MAX(0,ROUNDUP(-LN(1-L22*(E22/12)/Parametry!$C$7)/LN(1+E22/12),0)))
A23: 21 | B23: =DATE(Parametry!$C$12+INT((Parametry!$C$13+21-2)/12),MOD(Parametry!$C$13+21-2,12)+1,Parametry!$C$11) | C23: 21 | D23: =L22 | E23: =IF(C23<=Parametry!$C$9,Parametry!$C$8,Parametry!$C$10) | F23: =D23*E23/12 | G23: =Parametry!$C$7 | I23: =Parametry!$C$7 | J23: =G23+IF(ISNUMBER(H23),H23,0) | K23: =MAX(0,J23-F23) | L23: =MAX(0,D23-K23) | M23: =IF(L23<=0,0,MAX(0,ROUNDUP(-LN(1-L23*(E23/12)/Parametry!$C$7)/LN(1+E23/12),0)))
A24: 22 | B24: =DATE(Parametry!$C$12+INT((Parametry!$C$13+22-2)/12),MOD(Parametry!$C$13+22-2,12)+1,Parametry!$C$11) | C24: 22 | D24: =L23 | E24: =IF(C24<=Parametry!$C$9,Parametry!$C$8,Parametry!$C$10) | F24: =D24*E24/12 | G24: =Parametry!$C$7 | I24: =Parametry!$C$7 | J24: =G24+IF(ISNUMBER(H24),H24,0) | K24: =MAX(0,J24-F24) | L24: =MAX(0,D24-K24) | M24: =IF(L24<=0,0,MAX(0,ROUNDUP(-LN(1-L24*(E24/12)/Parametry!$C$7)/LN(1+E24/12),0)))
A25: 23 | B25: =DATE(Parametry!$C$12+INT((Parametry!$C$13+23-2)/12),MOD(Parametry!$C$13+23-2,12)+1,Parametry!$C$11) | C25: 23 | D25: =L24 | E25: =IF(C25<=Parametry!$C$9,Parametry!$C$8,Parametry!$C$10) | F25: =D25*E25/12 | G25: =Parametry!$C$7 | I25: =Parametry!$C$7 | J25: =G25+IF(ISNUMBER(H25),H25,0) | K25: =MAX(0,J25-F25) | L25: =MAX(0,D25-K25) | M25: =IF(L25<=0,0,MAX(0,ROUNDUP(-LN(1-L25*(E25/12)/Parametry!$C$7)/LN(1+E25/12),0)))
A26: 24 | B26: =DATE(Parametry!$C$12+INT((Parametry!$C$13+24-2)/12),MOD(Parametry!$C$13+24-2,12)+1,Parametry!$C$11) | C26: 24 | D26: =L25 | E26: =IF(C26<=Parametry!$C$9,Parametry!$C$8,Parametry!$C$10) | F26: =D26*E26/12 | G26: =Parametry!$C$7 | I26: =Parametry!$C$7 | J26: =G26+IF(ISNUMBER(H26),H26,0) | K26: =MAX(0,J26-F26) | L26: =MAX(0,D26-K26) | M26: =IF(L26<=0,0,MAX(0,ROUNDUP(-LN(1-L26*(E26/12)/Parametry!$C$7)/LN(1+E26/12),0)))
A27: 25 | B27: =DATE(Parametry!$C$12+INT((Parametry!$C$13+25-2)/12),MOD(Parametry!$C$13+25-2,12)+1,Parametry!$C$11) | C27: 25 | D27: =L26 | E27: =IF(C27<=Parametry!$C$9,Parametry!$C$8,Parametry!$C$10) | F27: =D27*E27/12 | G27: =Parametry!$C$7 | I27: =Parametry!$C$7 | J27: =G27+IF(ISNUMBER(H27),H27,0) | K27: =MAX(0,J27-F27) | L27: =MAX(0,D27-K27) | M27: =IF(L27<=0,0,MAX(0,ROUNDUP(-LN(1-L27*(E27/12)/Parametry!$C$7)/LN(1+E27/12),0)))
A28: 26 | B28: =DATE(Parametry!$C$12+INT((Parametry!$C$13+26-2)/12),MOD(Parametry!$C$13+26-2,12)+1,Parametry!$C$11) | C28: 26 | D28: =L27 | E28: =IF(C28<=Parametry!$C$9,Parametry!$C$8,Parametry!$C$10) | F28: =D28*E28/12 | G28: =Parametry!$C$7 | I28: =Parametry!$C$7 | J28: =G28+IF(ISNUMBER(H28),H28,0) | K28: =MAX(0,J28-F28) | L28: =MAX(0,D28-K28) | M28: =IF(L28<=0,0,MAX(0,ROUNDUP(-LN(1-L28*(E28/12)/Parametry!$C$7)/LN(1+E28/12),0)))
A29: 27 | B29: =DATE(Parametry!$C$12+INT((Parametry!$C$13+27-2)/12),MOD(Parametry!$C$13+27-2,12)+1,Parametry!$C$11) | C29: 27 | D29: =L28 | E29: =IF(C29<=Parametry!$C$9,Parametry!$C$8,Parametry!$C$10) | F29: =D29*E29/12 | G29: =Parametry!$C$7 | I29: =Parametry!$C$7 | J29: =G29+IF(ISNUMBER(H29),H29,0) | K29: =MAX(0,J29-F29) | L29: =MAX(0,D29-K29) | M29: =IF(L29<=0,0,MAX(0,ROUNDUP(-LN(1-L29*(E29/12)/Parametry!$C$7)/LN(1+E29/12),0)))
A30: 28 | B30: =DATE(Parametry!$C$12+INT((Parametry!$C$13+28-2)/12),MOD(Parametry!$C$13+28-2,12)+1,Parametry!$C$11) | C30: 28 | D30: =L29 | E30: =IF(C30<=Parametry!$C$9,Parametry!$C$8,Parametry!$C$10) | F30: =D30*E30/12 | G30: =Parametry!$C$7 | I30: =Parametry!$C$7 | J30: =G30+IF(ISNUMBER(H30),H30,0) | K30: =MAX(0,J30-F30) | L30: =MAX(0,D30-K30) | M30: =IF(L30<=0,0,MAX(0,ROUNDUP(-LN(1-L30*(E30/12)/Parametry!$C$7)/LN(1+E30/12),0)))
A31: 29 | B31: =DATE(Parametry!$C$12+INT((Parametry!$C$13+29-2)/12),MOD(Parametry!$C$13+29-2,12)+1,Parametry!$C$11) | C31: 29 | D31: =L30 | E31: =IF(C31<=Parametry!$C$9,Parametry!$C$8,Parametry!$C$10) | F31: =D31*E31/12 | G31: =Parametry!$C$7 | I31: =Parametry!$C$7 | J31: =G31+IF(ISNUMBER(H31),H31,0) | K31: =MAX(0,J31-F31) | L31: =MAX(0,D31-K31) | M31: =IF(L31<=0,0,MAX(0,ROUNDUP(-LN(1-L31*(E31/12)/Parametry!$C$7)/LN(1+E31/12),0)))
A32: 30 | B32: =DATE(Parametry!$C$12+INT((Parametry!$C$13+30-2)/12),MOD(Parametry!$C$13+30-2,12)+1,Parametry!$C$11) | C32: 30 | D32: =L31 | E32: =IF(C32<=Parametry!$C$9,Parametry!$C$8,Parametry!$C$10) | F32: =D32*E32/12 | G32: =Parametry!$C$7 | I32: =Parametry!$C$7 | J32: =G32+IF(ISNUMBER(H32),H32,0) | K32: =MAX(0,J32-F32) | L32: =MAX(0,D32-K32) | M32: =IF(L32<=0,0,MAX(0,ROUNDUP(-LN(1-L32*(E32/12)/Parametry!$C$7)/LN(1+E32/12),0)))
A33: 31 | B33: =DATE(Parametry!$C$12+INT((Parametry!$C$13+31-2)/12),MOD(Parametry!$C$13+31-2,12)+1,Parametry!$C$11) | C33: 31 | D33: =L32 | E33: =IF(C33<=Parametry!$C$9,Parametry!$C$8,Parametry!$C$10) | F33: =D33*E33/12 | G33: =Parametry!$C$7 | I33: =Parametry!$C$7 | J33: =G33+IF(ISNUMBER(H33),H33,0) | K33: =MAX(0,J33-F33) | L33: =MAX(0,D33-K33) | M33: =IF(L33<=0,0,MAX(0,ROUNDUP(-LN(1-L33*(E33/12)/Parametry!$C$7)/LN(1+E33/12),0)))
A34: 32 | B34: =DATE(Parametry!$C$12+INT((Parametry!$C$13+32-2)/12),MOD(Parametry!$C$13+32-2,12)+1,Parametry!$C$11) | C34: 32 | D34: =L33 | E34: =IF(C34<=Parametry!$C$9,Parametry!$C$8,Parametry!$C$10) | F34: =D34*E34/12 | G34: =Parametry!$C$7 | I34: =Parametry!$C$7 | J34: =G34+IF(ISNUMBER(H34),H34,0) | K34: =MAX(0,J34-F34) | L34: =MAX(0,D34-K34) | M34: =IF(L34<=0,0,MAX(0,ROUNDUP(-LN(1-L34*(E34/12)/Parametry!$C$7)/LN(1+E34/12),0)))
A35: 33 | B35: =DATE(Parametry!$C$12+INT((Parametry!$C$13+33-2)/12),MOD(Parametry!$C$13+33-2,12)+1,Parametry!$C$11) | C35: 33 | D35: =L34 | E35: =IF(C35<=Parametry!$C$9,Parametry!$C$8,Parametry!$C$10) | F35: =D35*E35/12 | G35: =Parametry!$C$7 | I35: =Parametry!$C$7 | J35: =G35+IF(ISNUMBER(H35),H35,0) | K35: =MAX(0,J35-F35) | L35: =MAX(0,D35-K35) | M35: =IF(L35<=0,0,MAX(0,ROUNDUP(-LN(1-L35*(E35/12)/Parametry!$C$7)/LN(1+E35/12),0)))
A36: 34 | B36: =DATE(Parametry!$C$12+INT((Parametry!$C$13+34-2)/12),MOD(Parametry!$C$13+34-2,12)+1,Parametry!$C$11) | C36: 34 | D36: =L35 | E36: =IF(C36<=Parametry!$C$9,Parametry!$C$8,Parametry!$C$10) | F36: =D36*E36/12 | G36: =Parametry!$C$7 | I36: =Parametry!$C$7 | J36: =G36+IF(ISNUMBER(H36),H36,0) | K36: =MAX(0,J36-F36) | L36: =MAX(0,D36-K36) | M36: =IF(L36<=0,0,MAX(0,ROUNDUP(-LN(1-L36*(E36/12)/Parametry!$C$7)/LN(1+E36/12),0)))
A37: 35 | B37: =DATE(Parametry!$C$12+INT((Parametry!$C$13+35-2)/12),MOD(Parametry!$C$13+35-2,12)+1,Parametry!$C$11) | C37: 35 | D37: =L36 | E37: =IF(C37<=Parametry!$C$9,Parametry!$C$8,Parametry!$C$10) | F37: =D37*E37/12 | G37: =Parametry!$C$7 | I37: =Parametry!$C$7 | J37: =G37+IF(ISNUMBER(H37),H37,0) | K37: =MAX(0,J37-F37) | L37: =MAX(0,D37-K37) | M37: =IF(L37<=0,0,MAX(0,ROUNDUP(-LN(1-L37*(E37/12)/Parametry!$C$7)/LN(1+E37/12),0)))
A38: 36 | B38: =DATE(Parametry!$C$12+INT((Parametry!$C$13+36-2)/12),MOD(Parametry!$C$13+36-2,12)+1,Parametry!$C$11) | C38: 36 | D38: =L37 | E38: =IF(C38<=Parametry!$C$9,Parametry!$C$8,Parametry!$C$10) | F38: =D38*E38/12 | G38: =Parametry!$C$7 | I38: =Parametry!$C$7 | J38: =G38+IF(ISNUMBER(H38),H38,0) | K38: =MAX(0,J38-F38) | L38: =MAX(0,D38-K38) | M38: =IF(L38<=0,0,MAX(0,ROUNDUP(-LN(1-L38*(E38/12)/Parametry!$C$7)/LN(1+E38/12),0)))
A39: 37 | B39: =DATE(Parametry!$C$12+INT((Parametry!$C$13+37-2)/12),MOD(Parametry!$C$13+37-2,12)+1,Parametry!$C$11) | C39: 37 | D39: =L38 | E39: =IF(C39<=Parametry!$C$9,Parametry!$C$8,Parametry!$C$10) | F39: =D39*E39/12 | G39: =Parametry!$C$7 | I39: =Parametry!$C$7 | J39: =G39+IF(ISNUMBER(H39),H39,0) | K39: =MAX(0,J39-F39) | L39: =MAX(0,D39-K39) | M39: =IF(L39<=0,0,MAX(0,ROUNDUP(-LN(1-L39*(E39/12)/Parametry!$C$7)/LN(1+E39/12),0)))
A40: 38 | B40: =DATE(Parametry!$C$12+INT((Parametry!$C$13+38-2)/12),MOD(Parametry!$C$13+38-2,12)+1,Parametry!$C$11) | C40: 38 | D40: =L39 | E40: =IF(C40<=Parametry!$C$9,Parametry!$C$8,Parametry!$C$10) | F40: =D40*E40/12 | G40: =Parametry!$C$7 | I40: =Parametry!$C$7 | J40: =G40+IF(ISNUMBER(H40),H40,0) | K40: =MAX(0,J40-F40) | L40: =MAX(0,D40-K40) | M40: =IF(L40<=0,0,MAX(0,ROUNDUP(-LN(1-L40*(E40/12)/Parametry!$C$7)/LN(1+E40/12),0)))
A41: 39 | B41: =DATE(Parametry!$C$12+INT((Parametry!$C$13+39-2)/12),MOD(Parametry!$C$13+39-2,12)+1,Parametry!$C$11) | C41: 39 | D41: =L40 | E41: =IF(C41<=Parametry!$C$9,Parametry!$C$8,Parametry!$C$10) | F41: =D41*E41/12 | G41: =Parametry!$C$7 | I41: =Parametry!$C$7 | J41: =G41+IF(ISNUMBER(H41),H41,0) | K41: =MAX(0,J41-F41) | L41: =MAX(0,D41-K41) | M41: =IF(L41<=0,0,MAX(0,ROUNDUP(-LN(1-L41*(E41/12)/Parametry!$C$7)/LN(1+E41/12),0)))
A42: 40 | B42: =DATE(Parametry!$C$12+INT((Parametry!$C$13+40-2)/12),MOD(Parametry!$C$13+40-2,12)+1,Parametry!$C$11) | C42: 40 | D42: =L41 | E42: =IF(C42<=Parametry!$C$9,Parametry!$C$8,Parametry!$C$10) | F42: =D42*E42/12 | G42: =Parametry!$C$7 | I42: =Parametry!$C$7 | J42: =G42+IF(ISNUMBER(H42),H42,0) | K42: =MAX(0,J42-F42) | L42: =MAX(0,D42-K42) | M42: =IF(L42<=0,0,MAX(0,ROUNDUP(-LN(1-L42*(E42/12)/Parametry!$C$7)/LN(1+E42/12),0)))
A43: 41 | B43: =DATE(Parametry!$C$12+INT((Parametry!$C$13+41-2)/12),MOD(Parametry!$C$13+41-2,12)+1,Parametry!$C$11) | C43: 41 | D43: =L42 | E43: =IF(C43<=Parametry!$C$9,Parametry!$C$8,Parametry!$C$10) | F43: =D43*E43/12 | G43: =Parametry!$C$7 | I43: =Parametry!$C$7 | J43: =G43+IF(ISNUMBER(H43),H43,0) | K43: =MAX(0,J43-F43) | L43: =MAX(0,D43-K43) | M43: =IF(L43<=0,0,MAX(0,ROUNDUP(-LN(1-L43*(E43/12)/Parametry!$C$7)/LN(1+E43/12),0)))
A44: 42 | B44: =DATE(Parametry!$C$12+INT((Parametry!$C$13+42-2)/12),MOD(Parametry!$C$13+42-2,12)+1,Parametry!$C$11) | C44: 42 | D44: =L43 | E44: =IF(C44<=Parametry!$C$9,Parametry!$C$8,Parametry!$C$10) | F44: =D44*E44/12 | G44: =Parametry!$C$7 | I44: =Parametry!$C$7 | J44: =G44+IF(ISNUMBER(H44),H44,0) | K44: =MAX(0,J44-F44) | L44: =MAX(0,D44-K44) | M44: =IF(L44<=0,0,MAX(0,ROUNDUP(-LN(1-L44*(E44/12)/Parametry!$C$7)/LN(1+E44/12),0)))
A45: 43 | B45: =DATE(Parametry!$C$12+INT((Parametry!$C$13+43-2)/12),MOD(Parametry!$C$13+43-2,12)+1,Parametry!$C$11) | C45: 43 | D45: =L44 | E45: =IF(C45<=Parametry!$C$9,Parametry!$C$8,Parametry!$C$10) | F45: =D45*E45/12 | G45: =Parametry!$C$7 | I45: =Parametry!$C$7 | J45: =G45+IF(ISNUMBER(H45),H45,0) | K45: =MAX(0,J45-F45) | L45: =MAX(0,D45-K45) | M45: =IF(L45<=0,0,MAX(0,ROUNDUP(-LN(1-L45*(E45/12)/Parametry!$C$7)/LN(1+E45/12),0)))
A46: 44 | B46: =DATE(Parametry!$C$12+INT((Parametry!$C$13+44-2)/12),MOD(Parametry!$C$13+44-2,12)+1,Parametry!$C$11) | C46: 44 | D46: =L45 | E46: =IF(C46<=Parametry!$C$9,Parametry!$C$8,Parametry!$C$10) | F46: =D46*E46/12 | G46: =Parametry!$C$7 | I46: =Parametry!$C$7 | J46: =G46+IF(ISNUMBER(H46),H46,0) | K46: =MAX(0,J46-F46) | L46: =MAX(0,D46-K46) | M46: =IF(L46<=0,0,MAX(0,ROUNDUP(-LN(1-L46*(E46/12)/Parametry!$C$7)/LN(1+E46/12),0)))
A47: 45 | B47: =DATE(Parametry!$C$12+INT((Parametry!$C$13+45-2)/12),MOD(Parametry!$C$13+45-2,12)+1,Parametry!$C$11) | C47: 45 | D47: =L46 | E47: =IF(C47<=Parametry!$C$9,Parametry!$C$8,Parametry!$C$10) | F47: =D47*E47/12 | G47: =Parametry!$C$7 | I47: =Parametry!$C$7 | J47: =G47+IF(ISNUMBER(H47),H47,0) | K47: =MAX(0,J47-F47) | L47: =MAX(0,D47-K47) | M47: =IF(L47<=0,0,MAX(0,ROUNDUP(-LN(1-L47*(E47/12)/Parametry!$C$7)/LN(1+E47/12),0)))
A48: 46 | B48: =DATE(Parametry!$C$12+INT((Parametry!$C$13+46-2)/12),MOD(Parametry!$C$13+46-2,12)+1,Parametry!$C$11) | C48: 46 | D48: =L47 | E48: =IF(C48<=Parametry!$C$9,Parametry!$C$8,Parametry!$C$10) | F48: =D48*E48/12 | G48: =Parametry!$C$7 | I48: =Parametry!$C$7 | J48: =G48+IF(ISNUMBER(H48),H48,0) | K48: =MAX(0,J48-F48) | L48: =MAX(0,D48-K48) | M48: =IF(L48<=0,0,MAX(0,ROUNDUP(-LN(1-L48*(E48/12)/Parametry!$C$7)/LN(1+E48/12),0)))
A49: 47 | B49: =DATE(Parametry!$C$12+INT((Parametry!$C$13+47-2)/12),MOD(Parametry!$C$13+47-2,12)+1,Parametry!$C$11) | C49: 47 | D49: =L48 | E49: =IF(C49<=Parametry!$C$9,Parametry!$C$8,Parametry!$C$10) | F49: =D49*E49/12 | G49: =Parametry!$C$7 | I49: =Parametry!$C$7 | J49: =G49+IF(ISNUMBER(H49),H49,0) | K49: =MAX(0,J49-F49) | L49: =MAX(0,D49-K49) | M49: =IF(L49<=0,0,MAX(0,ROUNDUP(-LN(1-L49*(E49/12)/Parametry!$C$7)/LN(1+E49/12),0)))
A50: 48 | B50: =DATE(Parametry!$C$12+INT((Parametry!$C$13+48-2)/12),MOD(Parametry!$C$13+48-2,12)+1,Parametry!$C$11) | C50: 48 | D50: =L49 | E50: =IF(C50<=Parametry!$C$9,Parametry!$C$8,Parametry!$C$10) | F50: =D50*E50/12 | G50: =Parametry!$C$7 | I50: =Parametry!$C$7 | J50: =G50+IF(ISNUMBER(H50),H50,0) | K50: =MAX(0,J50-F50) | L50: =MAX(0,D50-K50) | M50: =IF(L50<=0,0,MAX(0,ROUNDUP(-LN(1-L50*(E50/12)/Parametry!$C$7)/LN(1+E50/12),0)))
A51: 49 | B51: =DATE(Parametry!$C$12+INT((Parametry!$C$13+49-2)/12),MOD(Parametry!$C$13+49-2,12)+1,Parametry!$C$11) | C51: 49 | D51: =L50 | E51: =IF(C51<=Parametry!$C$9,Parametry!$C$8,Parametry!$C$10) | F51: =D51*E51/12 | G51: =Parametry!$C$7 | I51: =Parametry!$C$7 | J51: =G51+IF(ISNUMBER(H51),H51,0) | K51: =MAX(0,J51-F51) | L51: =MAX(0,D51-K51) | M51: =IF(L51<=0,0,MAX(0,ROUNDUP(-LN(1-L51*(E51/12)/Parametry!$C$7)/LN(1+E51/12),0)))
A52: 50 | B52: =DATE(Parametry!$C$12+INT((Parametry!$C$13+50-2)/12),MOD(Parametry!$C$13+50-2,12)+1,Parametry!$C$11) | C52: 50 | D52: =L51 | E52: =IF(C52<=Parametry!$C$9,Parametry!$C$8,Parametry!$C$10) | F52: =D52*E52/12 | G52: =Parametry!$C$7 | I52: =Parametry!$C$7 | J52: =G52+IF(ISNUMBER(H52),H52,0) | K52: =MAX(0,J52-F52) | L52: =MAX(0,D52-K52) | M52: =IF(L52<=0,0,MAX(0,ROUNDUP(-LN(1-L52*(E52/12)/Parametry!$C$7)/LN(1+E52/12),0)))
A53: 51 | B53: =DATE(Parametry!$C$12+INT((Parametry!$C$13+51-2)/12),MOD(Parametry!$C$13+51-2,12)+1,Parametry!$C$11) | C53: 51 | D53: =L52 | E53: =IF(C53<=Parametry!$C$9,Parametry!$C$8,Parametry!$C$10) | F53: =D53*E53/12 | G53: =Parametry!$C$7 | I53: =Parametry!$C$7 | J53: =G53+IF(ISNUMBER(H53),H53,0) | K53: =MAX(0,J53-F53) | L53: =MAX(0,D53-K53) | M53: =IF(L53<=0,0,MAX(0,ROUNDUP(-LN(1-L53*(E53/12)/Parametry!$C$7)/LN(1+E53/12),0)))
A54: 52 | B54: =DATE(Parametry!$C$12+INT((Parametry!$C$13+52-2)/12),MOD(Parametry!$C$13+52-2,12)+1,Parametry!$C$11) | C54: 52 | D54: =L53 | E54: =IF(C54<=Parametry!$C$9,Parametry!$C$8,Parametry!$C$10) | F54: =D54*E54/12 | G54: =Parametry!$C$7 | I54: =Parametry!$C$7 | J54: =G54+IF(ISNUMBER(H54),H54,0) | K54: =MAX(0,J54-F54) | L54: =MAX(0,D54-K54) | M54: =IF(L54<=0,0,MAX(0,ROUNDUP(-LN(1-L54*(E54/12)/Parametry!$C$7)/LN(1+E54/12),0)))
A55: 53 | B55: =DATE(Parametry!$C$12+INT((Parametry!$C$13+53-2)/12),MOD(Parametry!$C$13+53-2,12)+1,Parametry!$C$11) | C55: 53 | D55: =L54 | E55: =IF(C55<=Parametry!$C$9,Parametry!$C$8,Parametry!$C$10) | F55: =D55*E55/12 | G55: =Parametry!$C$7 | I55: =Parametry!$C$7 | J55: =G55+IF(ISNUMBER(H55),H55,0) | K55: =MAX(0,J55-F55) | L55: =MAX(0,D55-K55) | M55: =IF(L55<=0,0,MAX(0,ROUNDUP(-LN(1-L55*(E55/12)/Parametry!$C$7)/LN(1+E55/12),0)))
A56: 54 | B56: =DATE(Parametry!$C$12+INT((Parametry!$C$13+54-2)/12),MOD(Parametry!$C$13+54-2,12)+1,Parametry!$C$11) | C56: 54 | D56: =L55 | E56: =IF(C56<=Parametry!$C$9,Parametry!$C$8,Parametry!$C$10) | F56: =D56*E56/12 | G56: =Parametry!$C$7 | I56: =Parametry!$C$7 | J56: =G56+IF(ISNUMBER(H56),H56,0) | K56: =MAX(0,J56-F56) | L56: =MAX(0,D56-K56) | M56: =IF(L56<=0,0,MAX(0,ROUNDUP(-LN(1-L56*(E56/12)/Parametry!$C$7)/LN(1+E56/12),0)))
A57: 55 | B57: =DATE(Parametry!$C$12+INT((Parametry!$C$13+55-2)/12),MOD(Parametry!$C$13+55-2,12)+1,Parametry!$C$11) | C57: 55 | D57: =L56 | E57: =IF(C57<=Parametry!$C$9,Parametry!$C$8,Parametry!$C$10) | F57: =D57*E57/12 | G57: =Parametry!$C$7 | I57: =Parametry!$C$7 | J57: =G57+IF(ISNUMBER(H57),H57,0) | K57: =MAX(0,J57-F57) | L57: =MAX(0,D57-K57) | M57: =IF(L57<=0,0,MAX(0,ROUNDUP(-LN(1-L57*(E57/12)/Parametry!$C$7)/LN(1+E57/12),0)))
A58: 56 | B58: =DATE(Parametry!$C$12+INT((Parametry!$C$13+56-2)/12),MOD(Parametry!$C$13+56-2,12)+1,Parametry!$C$11) | C58: 56 | D58: =L57 | E58: =IF(C58<=Parametry!$C$9,Parametry!$C$8,Parametry!$C$10) | F58: =D58*E58/12 | G58: =Parametry!$C$7 | I58: =Parametry!$C$7 | J58: =G58+IF(ISNUMBER(H58),H58,0) | K58: =MAX(0,J58-F58) | L58: =MAX(0,D58-K58) | M58: =IF(L58<=0,0,MAX(0,ROUNDUP(-LN(1-L58*(E58/12)/Parametry!$C$7)/LN(1+E58/12),0)))
A59: 57 | B59: =DATE(Parametry!$C$12+INT((Parametry!$C$13+57-2)/12),MOD(Parametry!$C$13+57-2,12)+1,Parametry!$C$11) | C59: 57 | D59: =L58 | E59: =IF(C59<=Parametry!$C$9,Parametry!$C$8,Parametry!$C$10) | F59: =D59*E59/12 | G59: =Parametry!$C$7 | I59: =Parametry!$C$7 | J59: =G59+IF(ISNUMBER(H59),H59,0) | K59: =MAX(0,J59-F59) | L59: =MAX(0,D59-K59) | M59: =IF(L59<=0,0,MAX(0,ROUNDUP(-LN(1-L59*(E59/12)/Parametry!$C$7)/LN(1+E59/12),0)))
A60: 58 | B60: =DATE(Parametry!$C$12+INT((Parametry!$C$13+58-2)/12),MOD(Parametry!$C$13+58-2,12)+1,Parametry!$C$11) | C60: 58 | D60: =L59 | E60: =IF(C60<=Parametry!$C$9,Parametry!$C$8,Parametry!$C$10) | F60: =D60*E60/12 | G60: =Parametry!$C$7 | I60: =Parametry!$C$7 | J60: =G60+IF(ISNUMBER(H60),H60,0) | K60: =MAX(0,J60-F60) | L60: =MAX(0,D60-K60) | M60: =IF(L60<=0,0,MAX(0,ROUNDUP(-LN(1-L60*(E60/12)/Parametry!$C$7)/LN(1+E60/12),0)))
A61: 59 | B61: =DATE(Parametry!$C$12+INT((Parametry!$C$13+59-2)/12),MOD(Parametry!$C$13+59-2,12)+1,Parametry!$C$11) | C61: 59 | D61: =L60 | E61: =IF(C61<=Parametry!$C$9,Parametry!$C$8,Parametry!$C$10) | F61: =D61*E61/12 | G61: =Parametry!$C$7 | I61: =Parametry!$C$7 | J61: =G61+IF(ISNUMBER(H61),H61,0) | K61: =MAX(0,J61-F61) | L61: =MAX(0,D61-K61) | M61: =IF(L61<=0,0,MAX(0,ROUNDUP(-LN(1-L61*(E61/12)/Parametry!$C$7)/LN(1+E61/12),0)))
A62: 60 | B62: =DATE(Parametry!$C$12+INT((Parametry!$C$13+60-2)/12),MOD(Parametry!$C$13+60-2,12)+1,Parametry!$C$11) | C62: 60 | D62: =L61 | E62: =IF(C62<=Parametry!$C$9,Parametry!$C$8,Parametry!$C$10) | F62: =D62*E62/12 | G62: =Parametry!$C$7 | I62: =Parametry!$C$7 | J62: =G62+IF(ISNUMBER(H62),H62,0) | K62: =MAX(0,J62-F62) | L62: =MAX(0,D62-K62) | M62: =IF(L62<=0,0,MAX(0,ROUNDUP(-LN(1-L62*(E62/12)/Parametry!$C$7)/LN(1+E62/12),0)))
A63: 61 | B63: =DATE(Parametry!$C$12+INT((Parametry!$C$13+61-2)/12),MOD(Parametry!$C$13+61-2,12)+1,Parametry!$C$11) | C63: 61 | D63: =L62 | E63: =IF(C63<=Parametry!$C$9,Parametry!$C$8,Parametry!$C$10) | F63: =D63*E63/12 | G63: =Parametry!$C$7 | I63: =Parametry!$C$7 | J63: =G63+IF(ISNUMBER(H63),H63,0) | K63: =MAX(0,J63-F63) | L63: =MAX(0,D63-K63) | M63: =IF(L63<=0,0,MAX(0,ROUNDUP(-LN(1-L63*(E63/12)/Parametry!$C$7)/LN(1+E63/12),0)))
A64: 62 | B64: =DATE(Parametry!$C$12+INT((Parametry!$C$13+62-2)/12),MOD(Parametry!$C$13+62-2,12)+1,Parametry!$C$11) | C64: 62 | D64: =L63 | E64: =IF(C64<=Parametry!$C$9,Parametry!$C$8,Parametry!$C$10) | F64: =D64*E64/12 | G64: =Parametry!$C$7 | I64: =Parametry!$C$7 | J64: =G64+IF(ISNUMBER(H64),H64,0) | K64: =MAX(0,J64-F64) | L64: =MAX(0,D64-K64) | M64: =IF(L64<=0,0,MAX(0,ROUNDUP(-LN(1-L64*(E64/12)/Parametry!$C$7)/LN(1+E64/12),0)))
A65: 63 | B65: =DATE(Parametry!$C$12+INT((Parametry!$C$13+63-2)/12),MOD(Parametry!$C$13+63-2,12)+1,Parametry!$C$11) | C65: 63 | D65: =L64 | E65: =IF(C65<=Parametry!$C$9,Parametry!$C$8,Parametry!$C$10) | F65: =D65*E65/12 | G65: =Parametry!$C$7 | I65: =Parametry!$C$7 | J65: =G65+IF(ISNUMBER(H65),H65,0) | K65: =MAX(0,J65-F65) | L65: =MAX(0,D65-K65) | M65: =IF(L65<=0,0,MAX(0,ROUNDUP(-LN(1-L65*(E65/12)/Parametry!$C$7)/LN(1+E65/12),0)))
A66: 64 | B66: =DATE(Parametry!$C$12+INT((Parametry!$C$13+64-2)/12),MOD(Parametry!$C$13+64-2,12)+1,Parametry!$C$11) | C66: 64 | D66: =L65 | E66: =IF(C66<=Parametry!$C$9,Parametry!$C$8,Parametry!$C$10) | F66: =D66*E66/12 | G66: =Parametry!$C$7 | I66: =Parametry!$C$7 | J66: =G66+IF(ISNUMBER(H66),H66,0) | K66: =MAX(0,J66-F66) | L66: =MAX(0,D66-K66) | M66: =IF(L66<=0,0,MAX(0,ROUNDUP(-LN(1-L66*(E66/12)/Parametry!$C$7)/LN(1+E66/12),0)))
A67: 65 | B67: =DATE(Parametry!$C$12+INT((Parametry!$C$13+65-2)/12),MOD(Parametry!$C$13+65-2,12)+1,Parametry!$C$11) | C67: 65 | D67: =L66 | E67: =IF(C67<=Parametry!$C$9,Parametry!$C$8,Parametry!$C$10) | F67: =D67*E67/12 | G67: =Parametry!$C$7 | I67: =Parametry!$C$7 | J67: =G67+IF(ISNUMBER(H67),H67,0) | K67: =MAX(0,J67-F67) | L67: =MAX(0,D67-K67) | M67: =IF(L67<=0,0,MAX(0,ROUNDUP(-LN(1-L67*(E67/12)/Parametry!$C$7)/LN(1+E67/12),0)))
A68: 66 | B68: =DATE(Parametry!$C$12+INT((Parametry!$C$13+66-2)/12),MOD(Parametry!$C$13+66-2,12)+1,Parametry!$C$11) | C68: 66 | D68: =L67 | E68: =IF(C68<=Parametry!$C$9,Parametry!$C$8,Parametry!$C$10) | F68: =D68*E68/12 | G68: =Parametry!$C$7 | I68: =Parametry!$C$7 | J68: =G68+IF(ISNUMBER(H68),H68,0) | K68: =MAX(0,J68-F68) | L68: =MAX(0,D68-K68) | M68: =IF(L68<=0,0,MAX(0,ROUNDUP(-LN(1-L68*(E68/12)/Parametry!$C$7)/LN(1+E68/12),0)))
A69: 67 | B69: =DATE(Parametry!$C$12+INT((Parametry!$C$13+67-2)/12),MOD(Parametry!$C$13+67-2,12)+1,Parametry!$C$11) | C69: 67 | D69: =L68 | E69: =IF(C69<=Parametry!$C$9,Parametry!$C$8,Parametry!$C$10) | F69: =D69*E69/12 | G69: =Parametry!$C$7 | I69: =Parametry!$C$7 | J69: =G69+IF(ISNUMBER(H69),H69,0) | K69: =MAX(0,J69-F69) | L69: =MAX(0,D69-K69) | M69: =IF(L69<=0,0,MAX(0,ROUNDUP(-LN(1-L69*(E69/12)/Parametry!$C$7)/LN(1+E69/12),0)))
A70: 68 | B70: =DATE(Parametry!$C$12+INT((Parametry!$C$13+68-2)/12),MOD(Parametry!$C$13+68-2,12)+1,Parametry!$C$11) | C70: 68 | D70: =L69 | E70: =IF(C70<=Parametry!$C$9,Parametry!$C$8,Parametry!$C$10) | F70: =D70*E70/12 | G70: =Parametry!$C$7 | I70: =Parametry!$C$7 | J70: =G70+IF(ISNUMBER(H70),H70,0) | K70: =MAX(0,J70-F70) | L70: =MAX(0,D70-K70) | M70: =IF(L70<=0,0,MAX(0,ROUNDUP(-LN(1-L70*(E70/12)/Parametry!$C$7)/LN(1+E70/12),0)))
A71: 69 | B71: =DATE(Parametry!$C$12+INT((Parametry!$C$13+69-2)/12),MOD(Parametry!$C$13+69-2,12)+1,Parametry!$C$11) | C71: 69 | D71: =L70 | E71: =IF(C71<=Parametry!$C$9,Parametry!$C$8,Parametry!$C$10) | F71: =D71*E71/12 | G71: =Parametry!$C$7 | I71: =Parametry!$C$7 | J71: =G71+IF(ISNUMBER(H71),H71,0) | K71: =MAX(0,J71-F71) | L71: =MAX(0,D71-K71) | M71: =IF(L71<=0,0,MAX(0,ROUNDUP(-LN(1-L71*(E71/12)/Parametry!$C$7)/LN(1+E71/12),0)))
A72: 70 | B72: =DATE(Parametry!$C$12+INT((Parametry!$C$13+70-2)/12),MOD(Parametry!$C$13+70-2,12)+1,Parametry!$C$11) | C72: 70 | D72: =L71 | E72: =IF(C72<=Parametry!$C$9,Parametry!$C$8,Parametry!$C$10) | F72: =D72*E72/12 | G72: =Parametry!$C$7 | I72: =Parametry!$C$7 | J72: =G72+IF(ISNUMBER(H72),H72,0) | K72: =MAX(0,J72-F72) | L72: =MAX(0,D72-K72) | M72: =IF(L72<=0,0,MAX(0,ROUNDUP(-LN(1-L72*(E72/12)/Parametry!$C$7)/LN(1+E72/12),0)))
A73: 71 | B73: =DATE(Parametry!$C$12+INT((Parametry!$C$13+71-2)/12),MOD(Parametry!$C$13+71-2,12)+1,Parametry!$C$11) | C73: 71 | D73: =L72 | E73: =IF(C73<=Parametry!$C$9,Parametry!$C$8,Parametry!$C$10) | F73: =D73*E73/12 | G73: =Parametry!$C$7 | I73: =Parametry!$C$7 | J73: =G73+IF(ISNUMBER(H73),H73,0) | K73: =MAX(0,J73-F73) | L73: =MAX(0,D73-K73) | M73: =IF(L73<=0,0,MAX(0,ROUNDUP(-LN(1-L73*(E73/12)/Parametry!$C$7)/LN(1+E73/12),0)))
A74: 72 | B74: =DATE(Parametry!$C$12+INT((Parametry!$C$13+72-2)/12),MOD(Parametry!$C$13+72-2,12)+1,Parametry!$C$11) | C74: 72 | D74: =L73 | E74: =IF(C74<=Parametry!$C$9,Parametry!$C$8,Parametry!$C$10) | F74: =D74*E74/12 | G74: =Parametry!$C$7 | I74: =Parametry!$C$7 | J74: =G74+IF(ISNUMBER(H74),H74,0) | K74: =MAX(0,J74-F74) | L74: =MAX(0,D74-K74) | M74: =IF(L74<=0,0,MAX(0,ROUNDUP(-LN(1-L74*(E74/12)/Parametry!$C$7)/LN(1+E74/12),0)))
A75: 73 | B75: =DATE(Parametry!$C$12+INT((Parametry!$C$13+73-2)/12),MOD(Parametry!$C$13+73-2,12)+1,Parametry!$C$11) | C75: 73 | D75: =L74 | E75: =IF(C75<=Parametry!$C$9,Parametry!$C$8,Parametry!$C$10) | F75: =D75*E75/12 | G75: =Parametry!$C$7 | I75: =Parametry!$C$7 | J75: =G75+IF(ISNUMBER(H75),H75,0) | K75: =MAX(0,J75-F75) | L75: =MAX(0,D75-K75) | M75: =IF(L75<=0,0,MAX(0,ROUNDUP(-LN(1-L75*(E75/12)/Parametry!$C$7)/LN(1+E75/12),0)))
A76: 74 | B76: =DATE(Parametry!$C$12+INT((Parametry!$C$13+74-2)/12),MOD(Parametry!$C$13+74-2,12)+1,Parametry!$C$11) | C76: 74 | D76: =L75 | E76: =IF(C76<=Parametry!$C$9,Parametry!$C$8,Parametry!$C$10) | F76: =D76*E76/12 | G76: =Parametry!$C$7 | I76: =Parametry!$C$7 | J76: =G76+IF(ISNUMBER(H76),H76,0) | K76: =MAX(0,J76-F76) | L76: =MAX(0,D76-K76) | M76: =IF(L76<=0,0,MAX(0,ROUNDUP(-LN(1-L76*(E76/12)/Parametry!$C$7)/LN(1+E76/12),0)))
A77: 75 | B77: =DATE(Parametry!$C$12+INT((Parametry!$C$13+75-2)/12),MOD(Parametry!$C$13+75-2,12)+1,Parametry!$C$11) | C77: 75 | D77: =L76 | E77: =IF(C77<=Parametry!$C$9,Parametry!$C$8,Parametry!$C$10) | F77: =D77*E77/12 | G77: =Parametry!$C$7 | I77: =Parametry!$C$7 | J77: =G77+IF(ISNUMBER(H77),H77,0) | K77: =MAX(0,J77-F77) | L77: =MAX(0,D77-K77) | M77: =IF(L77<=0,0,MAX(0,ROUNDUP(-LN(1-L77*(E77/12)/Parametry!$C$7)/LN(1+E77/12),0)))
A78: 76 | B78: =DATE(Parametry!$C$12+INT((Parametry!$C$13+76-2)/12),MOD(Parametry!$C$13+76-2,12)+1,Parametry!$C$11) | C78: 76 | D78: =L77 | E78: =IF(C78<=Parametry!$C$9,Parametry!$C$8,Parametry!$C$10) | F78: =D78*E78/12 | G78: =Parametry!$C$7 | I78: =Parametry!$C$7 | J78: =G78+IF(ISNUMBER(H78),H78,0) | K78: =MAX(0,J78-F78) | L78: =MAX(0,D78-K78) | M78: =IF(L78<=0,0,MAX(0,ROUNDUP(-LN(1-L78*(E78/12)/Parametry!$C$7)/LN(1+E78/12),0)))
A79: 77 | B79: =DATE(Parametry!$C$12+INT((Parametry!$C$13+77-2)/12),MOD(Parametry!$C$13+77-2,12)+1,Parametry!$C$11) | C79: 77 | D79: =L78 | E79: =IF(C79<=Parametry!$C$9,Parametry!$C$8,Parametry!$C$10) | F79: =D79*E79/12 | G79: =Parametry!$C$7 | I79: =Parametry!$C$7 | J79: =G79+IF(ISNUMBER(H79),H79,0) | K79: =MAX(0,J79-F79) | L79: =MAX(0,D79-K79) | M79: =IF(L79<=0,0,MAX(0,ROUNDUP(-LN(1-L79*(E79/12)/Parametry!$C$7)/LN(1+E79/12),0)))
A80: 78 | B80: =DATE(Parametry!$C$12+INT((Parametry!$C$13+78-2)/12),MOD(Parametry!$C$13+78-2,12)+1,Parametry!$C$11) | C80: 78 | D80: =L79 | E80: =IF(C80<=Parametry!$C$9,Parametry!$C$8,Parametry!$C$10) | F80: =D80*E80/12 | G80: =Parametry!$C$7 | I80: =Parametry!$C$7 | J80: =G80+IF(ISNUMBER(H80),H80,0) | K80: =MAX(0,J80-F80) | L80: =MAX(0,D80-K80) | M80: =IF(L80<=0,0,MAX(0,ROUNDUP(-LN(1-L80*(E80/12)/Parametry!$C$7)/LN(1+E80/12),0)))
A81: 79 | B81: =DATE(Parametry!$C$12+INT((Parametry!$C$13+79-2)/12),MOD(Parametry!$C$13+79-2,12)+1,Parametry!$C$11) | C81: 79 | D81: =L80 | E81: =IF(C81<=Parametry!$C$9,Parametry!$C$8,Parametry!$C$10) | F81: =D81*E81/12 | G81: =Parametry!$C$7 | I81: =Parametry!$C$7 | J81: =G81+IF(ISNUMBER(H81),H81,0) | K81: =MAX(0,J81-F81) | L81: =MAX(0,D81-K81) | M81: =IF(L81<=0,0,MAX(0,ROUNDUP(-LN(1-L81*(E81/12)/Parametry!$C$7)/LN(1+E81/12),0)))
A82: 80 | B82: =DATE(Parametry!$C$12+INT((Parametry!$C$13+80-2)/12),MOD(Parametry!$C$13+80-2,12)+1,Parametry!$C$11) | C82: 80 | D82: =L81 | E82: =IF(C82<=Parametry!$C$9,Parametry!$C$8,Parametry!$C$10) | F82: =D82*E82/12 | G82: =Parametry!$C$7 | I82: =Parametry!$C$7 | J82: =G82+IF(ISNUMBER(H82),H82,0) | K82: =MAX(0,J82-F82) | L82: =MAX(0,D82-K82) | M82: =IF(L82<=0,0,MAX(0,ROUNDUP(-LN(1-L82*(E82/12)/Parametry!$C$7)/LN(1+E82/12),0)))
A83: 81 | B83: =DATE(Parametry!$C$12+INT((Parametry!$C$13+81-2)/12),MOD(Parametry!$C$13+81-2,12)+1,Parametry!$C$11) | C83: 81 | D83: =L82 | E83: =IF(C83<=Parametry!$C$9,Parametry!$C$8,Parametry!$C$10) | F83: =D83*E83/12 | G83: =Parametry!$C$7 | I83: =Parametry!$C$7 | J83: =G83+IF(ISNUMBER(H83),H83,0) | K83: =MAX(0,J83-F83) | L83: =MAX(0,D83-K83) | M83: =IF(L83<=0,0,MAX(0,ROUNDUP(-LN(1-L83*(E83/12)/Parametry!$C$7)/LN(1+E83/12),0)))
A84: 82 | B84: =DATE(Parametry!$C$12+INT((Parametry!$C$13+82-2)/12),MOD(Parametry!$C$13+82-2,12)+1,Parametry!$C$11) | C84: 82 | D84: =L83 | E84: =IF(C84<=Parametry!$C$9,Parametry!$C$8,Parametry!$C$10) | F84: =D84*E84/12 | G84: =Parametry!$C$7 | I84: =Parametry!$C$7 | J84: =G84+IF(ISNUMBER(H84),H84,0) | K84: =MAX(0,J84-F84) | L84: =MAX(0,D84-K84) | M84: =IF(L84<=0,0,MAX(0,ROUNDUP(-LN(1-L84*(E84/12)/Parametry!$C$7)/LN(1+E84/12),0)))
A85: 83 | B85: =DATE(Parametry!$C$12+INT((Parametry!$C$13+83-2)/12),MOD(Parametry!$C$13+83-2,12)+1,Parametry!$C$11) | C85: 83 | D85: =L84 | E85: =IF(C85<=Parametry!$C$9,Parametry!$C$8,Parametry!$C$10) | F85: =D85*E85/12 | G85: =Parametry!$C$7 | I85: =Parametry!$C$7 | J85: =G85+IF(ISNUMBER(H85),H85,0) | K85: =MAX(0,J85-F85) | L85: =MAX(0,D85-K85) | M85: =IF(L85<=0,0,MAX(0,ROUNDUP(-LN(1-L85*(E85/12)/Parametry!$C$7)/LN(1+E85/12),0)))
A86: 84 | B86: =DATE(Parametry!$C$12+INT((Parametry!$C$13+84-2)/12),MOD(Parametry!$C$13+84-2,12)+1,Parametry!$C$11) | C86: 84 | D86: =L85 | E86: =IF(C86<=Parametry!$C$9,Parametry!$C$8,Parametry!$C$10) | F86: =D86*E86/12 | G86: =Parametry!$C$7 | I86: =Parametry!$C$7 | J86: =G86+IF(ISNUMBER(H86),H86,0) | K86: =MAX(0,J86-F86) | L86: =MAX(0,D86-K86) | M86: =IF(L86<=0,0,MAX(0,ROUNDUP(-LN(1-L86*(E86/12)/Parametry!$C$7)/LN(1+E86/12),0)))
A87: 85 | B87: =DATE(Parametry!$C$12+INT((Parametry!$C$13+85-2)/12),MOD(Parametry!$C$13+85-2,12)+1,Parametry!$C$11) | C87: 85 | D87: =L86 | E87: =IF(C87<=Parametry!$C$9,Parametry!$C$8,Parametry!$C$10) | F87: =D87*E87/12 | G87: =Parametry!$C$7 | I87: =Parametry!$C$7 | J87: =G87+IF(ISNUMBER(H87),H87,0) | K87: =MAX(0,J87-F87) | L87: =MAX(0,D87-K87) | M87: =IF(L87<=0,0,MAX(0,ROUNDUP(-LN(1-L87*(E87/12)/Parametry!$C$7)/LN(1+E87/12),0)))
A88: 86 | B88: =DATE(Parametry!$C$12+INT((Parametry!$C$13+86-2)/12),MOD(Parametry!$C$13+86-2,12)+1,Parametry!$C$11) | C88: 86 | D88: =L87 | E88: =IF(C88<=Parametry!$C$9,Parametry!$C$8,Parametry!$C$10) | F88: =D88*E88/12 | G88: =Parametry!$C$7 | I88: =Parametry!$C$7 | J88: =G88+IF(ISNUMBER(H88),H88,0) | K88: =MAX(0,J88-F88) | L88: =MAX(0,D88-K88) | M88: =IF(L88<=0,0,MAX(0,ROUNDUP(-LN(1-L88*(E88/12)/Parametry!$C$7)/LN(1+E88/12),0)))
A89: 87 | B89: =DATE(Parametry!$C$12+INT((Parametry!$C$13+87-2)/12),MOD(Parametry!$C$13+87-2,12)+1,Parametry!$C$11) | C89: 87 | D89: =L88 | E89: =IF(C89<=Parametry!$C$9,Parametry!$C$8,Parametry!$C$10) | F89: =D89*E89/12 | G89: =Parametry!$C$7 | I89: =Parametry!$C$7 | J89: =G89+IF(ISNUMBER(H89),H89,0) | K89: =MAX(0,J89-F89) | L89: =MAX(0,D89-K89) | M89: =IF(L89<=0,0,MAX(0,ROUNDUP(-LN(1-L89*(E89/12)/Parametry!$C$7)/LN(1+E89/12),0)))
A90: 88 | B90: =DATE(Parametry!$C$12+INT((Parametry!$C$13+88-2)/12),MOD(Parametry!$C$13+88-2,12)+1,Parametry!$C$11) | C90: 88 | D90: =L89 | E90: =IF(C90<=Parametry!$C$9,Parametry!$C$8,Parametry!$C$10) | F90: =D90*E90/12 | G90: =Parametry!$C$7 | I90: =Parametry!$C$7 | J90: =G90+IF(ISNUMBER(H90),H90,0) | K90: =MAX(0,J90-F90) | L90: =MAX(0,D90-K90) | M90: =IF(L90<=0,0,MAX(0,ROUNDUP(-LN(1-L90*(E90/12)/Parametry!$C$7)/LN(1+E90/12),0)))
A91: 89 | B91: =DATE(Parametry!$C$12+INT((Parametry!$C$13+89-2)/12),MOD(Parametry!$C$13+89-2,12)+1,Parametry!$C$11) | C91: 89 | D91: =L90 | E91: =IF(C91<=Parametry!$C$9,Parametry!$C$8,Parametry!$C$10) | F91: =D91*E91/12 | G91: =Parametry!$C$7 | I91: =Parametry!$C$7 | J91: =G91+IF(ISNUMBER(H91),H91,0) | K91: =MAX(0,J91-F91) | L91: =MAX(0,D91-K91) | M91: =IF(L91<=0,0,MAX(0,ROUNDUP(-LN(1-L91*(E91/12)/Parametry!$C$7)/LN(1+E91/12),0)))
A92: 90 | B92: =DATE(Parametry!$C$12+INT((Parametry!$C$13+90-2)/12),MOD(Parametry!$C$13+90-2,12)+1,Parametry!$C$11) | C92: 90 | D92: =L91 | E92: =IF(C92<=Parametry!$C$9,Parametry!$C$8,Parametry!$C$10) | F92: =D92*E92/12 | G92: =Parametry!$C$7 | I92: =Parametry!$C$7 | J92: =G92+IF(ISNUMBER(H92),H92,0) | K92: =MAX(0,J92-F92) | L92: =MAX(0,D92-K92) | M92: =IF(L92<=0,0,MAX(0,ROUNDUP(-LN(1-L92*(E92/12)/Parametry!$C$7)/LN(1+E92/12),0)))
A93: 91 | B93: =DATE(Parametry!$C$12+INT((Parametry!$C$13+91-2)/12),MOD(Parametry!$C$13+91-2,12)+1,Parametry!$C$11) | C93: 91 | D93: =L92 | E93: =IF(C93<=Parametry!$C$9,Parametry!$C$8,Parametry!$C$10) | F93: =D93*E93/12 | G93: =Parametry!$C$7 | I93: =Parametry!$C$7 | J93: =G93+IF(ISNUMBER(H93),H93,0) | K93: =MAX(0,J93-F93) | L93: =MAX(0,D93-K93) | M93: =IF(L93<=0,0,MAX(0,ROUNDUP(-LN(1-L93*(E93/12)/Parametry!$C$7)/LN(1+E93/12),0)))
A94: 92 | B94: =DATE(Parametry!$C$12+INT((Parametry!$C$13+92-2)/12),MOD(Parametry!$C$13+92-2,12)+1,Parametry!$C$11) | C94: 92 | D94: =L93 | E94: =IF(C94<=Parametry!$C$9,Parametry!$C$8,Parametry!$C$10) | F94: =D94*E94/12 | G94: =Parametry!$C$7 | I94: =Parametry!$C$7 | J94: =G94+IF(ISNUMBER(H94),H94,0) | K94: =MAX(0,J94-F94) | L94: =MAX(0,D94-K94) | M94: =IF(L94<=0,0,MAX(0,ROUNDUP(-LN(1-L94*(E94/12)/Parametry!$C$7)/LN(1+E94/12),0)))
A95: 93 | B95: =DATE(Parametry!$C$12+INT((Parametry!$C$13+93-2)/12),MOD(Parametry!$C$13+93-2,12)+1,Parametry!$C$11) | C95: 93 | D95: =L94 | E95: =IF(C95<=Parametry!$C$9,Parametry!$C$8,Parametry!$C$10) | F95: =D95*E95/12 | G95: =Parametry!$C$7 | I95: =Parametry!$C$7 | J95: =G95+IF(ISNUMBER(H95),H95,0) | K95: =MAX(0,J95-F95) | L95: =MAX(0,D95-K95) | M95: =IF(L95<=0,0,MAX(0,ROUNDUP(-LN(1-L95*(E95/12)/Parametry!$C$7)/LN(1+E95/12),0)))
A96: 94 | B96: =DATE(Parametry!$C$12+INT((Parametry!$C$13+94-2)/12),MOD(Parametry!$C$13+94-2,12)+1,Parametry!$C$11) | C96: 94 | D96: =L95 | E96: =IF(C96<=Parametry!$C$9,Parametry!$C$8,Parametry!$C$10) | F96: =D96*E96/12 | G96: =Parametry!$C$7 | I96: =Parametry!$C$7 | J96: =G96+IF(ISNUMBER(H96),H96,0) | K96: =MAX(0,J96-F96) | L96: =MAX(0,D96-K96) | M96: =IF(L96<=0,0,MAX(0,ROUNDUP(-LN(1-L96*(E96/12)/Parametry!$C$7)/LN(1+E96/12),0)))
A97: 95 | B97: =DATE(Parametry!$C$12+INT((Parametry!$C$13+95-2)/12),MOD(Parametry!$C$13+95-2,12)+1,Parametry!$C$11) | C97: 95 | D97: =L96 | E97: =IF(C97<=Parametry!$C$9,Parametry!$C$8,Parametry!$C$10) | F97: =D97*E97/12 | G97: =Parametry!$C$7 | I97: =Parametry!$C$7 | J97: =G97+IF(ISNUMBER(H97),H97,0) | K97: =MAX(0,J97-F97) | L97: =MAX(0,D97-K97) | M97: =IF(L97<=0,0,MAX(0,ROUNDUP(-LN(1-L97*(E97/12)/Parametry!$C$7)/LN(1+E97/12),0)))
A98: 96 | B98: =DATE(Parametry!$C$12+INT((Parametry!$C$13+96-2)/12),MOD(Parametry!$C$13+96-2,12)+1,Parametry!$C$11) | C98: 96 | D98: =L97 | E98: =IF(C98<=Parametry!$C$9,Parametry!$C$8,Parametry!$C$10) | F98: =D98*E98/12 | G98: =Parametry!$C$7 | I98: =Parametry!$C$7 | J98: =G98+IF(ISNUMBER(H98),H98,0) | K98: =MAX(0,J98-F98) | L98: =MAX(0,D98-K98) | M98: =IF(L98<=0,0,MAX(0,ROUNDUP(-LN(1-L98*(E98/12)/Parametry!$C$7)/LN(1+E98/12),0)))
A99: 97 | B99: =DATE(Parametry!$C$12+INT((Parametry!$C$13+97-2)/12),MOD(Parametry!$C$13+97-2,12)+1,Parametry!$C$11) | C99: 97 | D99: =L98 | E99: =IF(C99<=Parametry!$C$9,Parametry!$C$8,Parametry!$C$10) | F99: =D99*E99/12 | G99: =Parametry!$C$7 | I99: =Parametry!$C$7 | J99: =G99+IF(ISNUMBER(H99),H99,0) | K99: =MAX(0,J99-F99) | L99: =MAX(0,D99-K99) | M99: =IF(L99<=0,0,MAX(0,ROUNDUP(-LN(1-L99*(E99/12)/Parametry!$C$7)/LN(1+E99/12),0)))
A100: 98 | B100: =DATE(Parametry!$C$12+INT((Parametry!$C$13+98-2)/12),MOD(Parametry!$C$13+98-2,12)+1,Parametry!$C$11) | C100: 98 | D100: =L99 | E100: =IF(C100<=Parametry!$C$9,Parametry!$C$8,Parametry!$C$10) | F100: =D100*E100/12 | G100: =Parametry!$C$7 | I100: =Parametry!$C$7 | J100: =G100+IF(ISNUMBER(H100),H100,0) | K100: =MAX(0,J100-F100) | L100: =MAX(0,D100-K100) | M100: =IF(L100<=0,0,MAX(0,ROUNDUP(-LN(1-L100*(E100/12)/Parametry!$C$7)/LN(1+E100/12),0)))
...

Sheet Podsumowanie
B2: PODSUMOWANIE SPŁATY KREDYTU
B4: BEZ NADPŁAT
B5: Suma odsetek z harmonogramu (ogółem) | C5: =SUMPRODUCT(Harmonogram!F3:F327)
B6: Całkowita kwota spłat (kapitał + odsetki + nadpłaty) | C6: =SUMPRODUCT(Harmonogram!J3:J327)
B7: Suma nadpłat wpisanych | C7: =SUMIF(Harmonogram!H3:H327,">"&0,Harmonogram!H3:H327)
B9: OSZCZĘDNOŚCI DZIĘKI NADPŁATOM
B10: Ostatnia rata z nadpłatami (numer raty w harmonogramie) | C10: =IFERROR(MATCH(TRUE,INDEX(Harmonogram!L3:L327<=0,),0),Parametry!$C$6) | D10: * Jeśli brak nadpłat, pokazuje ostatnią ratę z tabeli
B11: Liczba rat bez nadpłat (parametr) | C11: =Parametry!$C$6
B12: Liczba rat skrócona dzięki nadpłatom | C12: =MAX(0,Parametry!$C$6-C10)
B13: Data ostatecznej spłaty (z nadpłatami) | C13: =DATE(Parametry!$C$12+INT((Parametry!$C$13+C10-2)/12),MOD(Parametry!$C$13+C10-2,12)+1,Parametry!$C$11)
B14: Data ostatecznej spłaty (bez nadpłat) | C14: =DATE(Parametry!$C$12+INT((Parametry!$C$13+Parametry!$C$6-2)/12),MOD(Parametry!$C$13+Parametry!$C$6-2,12)+1,Parametry!$C$11)
B16: SZACOWANE ODSETKI – PORÓWNANIE
B17: Teoretyczne odsetki bez nadpłat (annuity) | C17: =Parametry!$C$7*Parametry!$C$6-Parametry!$C$5
B18: Rzeczywiste odsetki z harmonogramu | C18: =Podsumowanie!C5
B19: Oszczędność na odsetkach (szacunek) | C19: =MAX(0,C17-C5)
